Title,Enterprise,Duration,Location,Link
"NewStudent, Software Development with focus on Testing (all genders)",TeamViewer Germany GmbH,Stage 4 à 6 mois,Stuttgart (Germany),https://www.jobteaser.com/fr/job-offers/10532457-teamviewer-germany-gmbh-student-software-development-with-focus-on-testing-all-genders
NewPraktikum im Bereich Data Analytics (w/m/x),BMW Group,Stage 4 à 6 mois,Munich (Germany),https://www.jobteaser.com/fr/job-offers/10530315-bmw-group-praktikum-im-bereich-data-analytics-w-m-x
NewPraktikant IT (m/w/d),Contemporary Amperex Technology Thuringia GmbH,Stage 4 à 6 mois,Arnstadt (Germany),https://www.jobteaser.com/fr/job-offers/10527092-contemporary-amperex-technology-thuringia-gmbh-praktikant-it-m-w-d
NewPraktikant*in im Bereich Global Financial Crime Prevention Platform (m/w/divers),Commerzbank AG,Stage 4 à 6 mois,Frankfurt (Germany),https://www.jobteaser.com/fr/job-offers/10525209-commerzbank-ag-praktikant-in-im-bereich-global-financial-crime-prevention-platform-m-w-divers
NewPraktikant (m/w/d) SAP Cloud-Lösungen,Sybit GmbH,Stage 4 à 6 mois,Plusieurs localisations proposées,https://www.jobteaser.com/fr/job-offers/10523092-sybit-gmbh-praktikant-m-w-d-sap-cloud-losungen
NewPraktikum Data Science,Lidl in Deutschland,Stage 4 à 6 mois,Neckarsulm (Germany),https://www.jobteaser.com/fr/job-offers/10517495-lidl-in-deutschland-praktikum-data-science
NewWerkstudent im Bereich Softwareentwicklung (w/m/x),BMW Group,Stage 4 à 6 mois,Munich (Germany),https://www.jobteaser.com/fr/job-offers/10509817-bmw-group-werkstudent-im-bereich-softwareentwicklung-w-m-x
NewPraktikum im Bereich der Softwareentwicklung (m/w/x),ZEISS Gruppe,Stage 3 à 6 mois,Plusieurs localisations proposées,https://www.jobteaser.com/fr/job-offers/10326658-zeiss-gruppe-praktikum-im-bereich-der-softwareentwicklung-m-w-x
NewPraktikum im Entwicklungsbereich Metrology mit Schwerpunkt Informatik (m/w/x),ZEISS Gruppe,Stage 4 à 6 mois,Oberkochen (Germany),https://www.jobteaser.com/fr/job-offers/10507009-zeiss-gruppe-praktikum-im-entwicklungsbereich-metrology-mit-schwerpunkt-informatik-m-w-x
NewPraktikum im Entwicklungsbereich Design & Technology mit Schwerpunkt Informatik (m/w/x),ZEISS Gruppe,Stage 4 à 6 mois,Oberkochen (Germany),https://www.jobteaser.com/fr/job-offers/10506999-zeiss-gruppe-praktikum-im-entwicklungsbereich-design-technology-mit-schwerpunkt-informatik-m-w-x
NewPraktikum im Entwicklungsbereich Process Technology mit Schwerpunkt Informatik (m/w/x),ZEISS Gruppe,Stage 4 à 6 mois,Oberkochen (Germany),https://www.jobteaser.com/fr/job-offers/10506997-zeiss-gruppe-praktikum-im-entwicklungsbereich-process-technology-mit-schwerpunkt-informatik-m-w-x
NewMaster Thesis High-resolution inference scheduling on black-box edge devices (f/m/d),BMW Group,Stage 4 à 6 mois,Munich (Germany),https://www.jobteaser.com/fr/job-offers/10501067-bmw-group-master-thesis-high-resolution-inference-scheduling-on-black-box-edge-devices-f-m-d
NewStudent (m/f/d) Software Development with focus on Testing,TeamViewer Germany GmbH,Stage 4 à 6 mois,Stuttgart (Germany),https://www.jobteaser.com/fr/job-offers/10500093-teamviewer-germany-gmbh-student-m-f-d-software-development-with-focus-on-testing
NewPraktikant im Bereich Digitalisierung Produktsystem (w/m/x),BMW Group,Stage 4 à 6 mois,Munich (Germany),https://www.jobteaser.com/fr/job-offers/10496872-bmw-group-praktikant-im-bereich-digitalisierung-produktsystem-w-m-x
NewIntern in the area of Digital Tooling as infrastructure for head unit development (f/m/d),BMW Group,Stage 4 à 6 mois,Munich (Germany),https://www.jobteaser.com/fr/job-offers/10496536-bmw-group-intern-in-the-area-of-digital-tooling-as-infrastructure-for-head-unit-development-f-m-d
NewPraktikant*in Business Management und Kommunikation (m/w/divers),Commerzbank AG,Stage 4 à 6 mois,Frankfurt (Germany),https://www.jobteaser.com/fr/job-offers/10492607-commerzbank-ag-praktikant-in-business-management-und-kommunikation-m-w-divers
NewPraktikant im Bereich Industrie 4.0 (w/m/x),BMW Group,Stage 4 à 6 mois,Dingolfing (Germany),https://www.jobteaser.com/fr/job-offers/10490300-bmw-group-praktikant-im-bereich-industrie-4-0-w-m-x
NewMaster's thesis in the field of Advanced Driving Assistance Systems starting May 2023,Daimler Truck AG,Stage 4 à 6 mois,Stuttgart (Germany),https://www.jobteaser.com/fr/job-offers/10484164-daimler-truck-ag-master-s-thesis-in-the-field-of-advanced-driving-assistance-systems-starting-may-2023
NewStudienabschlussarbeit im Bereich Anforderungsmanagement Hard-/Software Integration (w/m/x),BMW Group,Stage 4 à 6 mois,Munich (Germany),https://www.jobteaser.com/fr/job-offers/10483334-bmw-group-studienabschlussarbeit-im-bereich-anforderungsmanagement-hard-software-integration-w-m-x
NewWerkstudent im Bereich Digitalisierung Sitzentwicklung (w/m/x),BMW Group,Stage 4 à 6 mois,Munich (Germany),https://www.jobteaser.com/fr/job-offers/10483191-bmw-group-werkstudent-im-bereich-digitalisierung-sitzentwicklung-w-m-x
"Professional Services Intern, Amazon Web Services - Job ID: 2193417 | Amazon.jobs",Amazon,Stage 1 à 3 mois,Munich (Germany),https://www.jobteaser.com/fr/job-offers/10477057-amazon-professional-services-intern-amazon-web-services-job-id-2193417-amazon-jobs
Praktikum Kapazitätsmanagement und automatisierte Disposition (w/m/d),Deutsche Bahn AG,Stage 4 à 6 mois,Plusieurs localisations proposées,https://www.jobteaser.com/fr/job-offers/10474114-deutsche-bahn-ag-praktikum-kapazitatsmanagement-und-automatisierte-disposition-w-m-d
Praktikum Natural Language Understanding und Machine Translation 2023 (w/m/d),Deutsche Bahn AG,Stage 4 à 6 mois,Plusieurs localisations proposées,https://www.jobteaser.com/fr/job-offers/10473771-deutsche-bahn-ag-praktikum-natural-language-understanding-und-machine-translation-2023-w-m-d
Studienabschlussarbeit Data Science zur Root Cause Analyse in der E-Antriebsproduktion (w/m/x),BMW Group,Stage 4 à 6 mois,Munich (Germany),https://www.jobteaser.com/fr/job-offers/10471937-bmw-group-studienabschlussarbeit-data-science-zur-root-cause-analyse-in-der-e-antriebsproduktion-w-m-x
Intern in the area of Software Development (f/m/d),BMW Group,Stage 4 à 6 mois,Munich (Germany),https://www.jobteaser.com/fr/job-offers/10471519-bmw-group-intern-in-the-area-of-software-development-f-m-d
Praktikum im Bereich Systems Engineering,Jungheinrich AG - Standort Moosburg,Stage 5 à 6 mois,Moosburg (Germany),https://www.jobteaser.com/fr/job-offers/10469920-jungheinrich-ag-standort-moosburg-praktikum-im-bereich-systems-engineering
Working student in the area of DevOps Large Language Models (f/m/d),BMW Group,Stage 4 à 6 mois,Munich (Germany),https://www.jobteaser.com/fr/job-offers/10469806-bmw-group-working-student-in-the-area-of-devops-large-language-models-f-m-d
ASSISTANT INGÉNIEUR CHEF DE PROJETS - Pré-embauche (H/F),BASSETTI,Stage 6 mois,Plusieurs localisations proposées,https://www.jobteaser.com/fr/job-offers/10469382-bassetti-assistant-ingenieur-chef-de-projets-pre-embauche-h-f
ASSISTANT INGÉNIEUR DÉVELOPPEUR Full-Stack - Back-end ou Front-end (H/F),BASSETTI,Stage 6 mois,Plusieurs localisations proposées,https://www.jobteaser.com/fr/job-offers/10469374-bassetti-assistant-ingenieur-developpeur-full-stack-back-end-ou-front-end-h-f
Praktikum Globale Kommunikation im Bereich IT Strategie und Information Security,Daimler Truck AG,Stage 4 à 6 mois,Neu-Ulm (Germany),https://www.jobteaser.com/fr/job-offers/10465608-daimler-truck-ag-praktikum-globale-kommunikation-im-bereich-it-strategie-und-information-security
Praktikum im Bereich Smart Automation and Robotics ab Mai 2023,Daimler Truck AG,Stage 4 à 6 mois,Leinfelden-Echterdingen (Germany),https://www.jobteaser.com/fr/job-offers/10465516-daimler-truck-ag-praktikum-im-bereich-smart-automation-and-robotics-ab-mai-2023
Systems Engineering Intern (m/f/d),Daimler Truck AG,Stage 4 à 6 mois,Stuttgart (Germany),https://www.jobteaser.com/fr/job-offers/10465499-daimler-truck-ag-systems-engineering-intern-m-f-d
PRAKTIKANT:IN (W/D/M) SOFTWAREENTWICKLUNG,Haufe Group,Stage 1 à 12 mois,Freiburg im Breisgau (Germany),https://www.jobteaser.com/fr/job-offers/10458284-haufe-group-praktikant-in-w-d-m-softwareentwicklung
Master's Thesis in the area of Perception Based on Graphs (f/m/d),BMW Group,Stage 4 à 6 mois,Munich (Germany),https://www.jobteaser.com/fr/job-offers/10457316-bmw-group-master-s-thesis-in-the-area-of-perception-based-on-graphs-f-m-d
Werkstudent:in Softwareentwicklung (m/w/d),BASF,Stage 4 à 6 mois,Ludwigshafen (Germany),https://www.jobteaser.com/fr/job-offers/10453586-basf-werkstudent-in-softwareentwicklung-m-w-d
Pflichtpraktikum im Bereich ADAS Entwicklung (m/w/d),Knorr-Bremse Systeme für Nutzfahrzeuge GmbH,Stage 4 à 6 mois,Schwieberdingen (Germany),https://www.jobteaser.com/fr/job-offers/10449960-knorr-bremse-systeme-fur-nutzfahrzeuge-gmbh-pflichtpraktikum-im-bereich-adas-entwicklung-m-w-d
Praktikant Consultant - Microsoft Dynamics 365,BE-terna GmbH,Stage 6 mois,Plusieurs localisations proposées,https://www.jobteaser.com/fr/job-offers/10442056-be-terna-gmbh-praktikant-consultant-microsoft-dynamics-365
Stage - Développement Logiciel h/f,Siemens France,Stage 4 à 6 mois,Lyon (France),https://www.jobteaser.com/fr/job-offers/10436900-siemens-france-stage-developpement-logiciel-h-f
Praktikant (m/w/x) in der IT,Arvato Supply Chain Solutions SE,Stage 1 à 3 mois,Gütersloh (Germany),https://www.jobteaser.com/fr/job-offers/10427462-arvato-supply-chain-solutions-se-praktikant-m-w-x-in-der-it
Praktikum/Werkstudententätigkeit im Bereich Technische Dokumentation,Firmengruppe Liebherr,Stage 4 à 6 mois,Ochsenhausen (Germany),https://www.jobteaser.com/fr/job-offers/10419935-firmengruppe-liebherr-praktikum-werkstudententatigkeit-im-bereich-technische-dokumentation
Praktikum | Softwareentwicklung im Bereich Video,Vector Informatik GmbH,Stage 4 à 6 mois,Stuttgart (Germany),https://www.jobteaser.com/fr/job-offers/10236106-vector-informatik-gmbh-praktikum-softwareentwicklung-im-bereich-video
Praktikum | Product Deployment Embedded Software,Vector Informatik GmbH,Stage 4 à 6 mois,Plusieurs localisations proposées,https://www.jobteaser.com/fr/job-offers/10314534-vector-informatik-gmbh-praktikum-product-deployment-embedded-software
Praktikum | Cloud-Native-Entwicklung,Vector Informatik GmbH,Stage 4 à 6 mois,Stuttgart (Germany),https://www.jobteaser.com/fr/job-offers/10314571-vector-informatik-gmbh-praktikum-cloud-native-entwicklung
Praktikum | Softwareentwicklung Time-Sensitive Networking (TSN) Network Interfaces,Vector Informatik GmbH,Stage 4 à 6 mois,Plusieurs localisations proposées,https://www.jobteaser.com/fr/job-offers/10314568-vector-informatik-gmbh-praktikum-softwareentwicklung-time-sensitive-networking-tsn-network-interfaces
Pflichtpraktikant High Speed Datenübertragungsverfahren für autonomes Fahren (m/w/d),ZF Friedrichshafen,Stage 4 à 6 mois,Friedrichshafen (Germany),https://www.jobteaser.com/fr/job-offers/10404940-zf-friedrichshafen-pflichtpraktikant-high-speed-datenubertragungsverfahren-fur-autonomes-fahren-m-w-d
IT Praktikant*in im Bereich Wertpapier Prozess (m/w/divers),Commerzbank AG,Stage 4 à 6 mois,Frankfurt (Germany),https://www.jobteaser.com/fr/job-offers/10397549-commerzbank-ag-it-praktikant-in-im-bereich-wertpapier-prozess-m-w-divers
2023 Software Development Engineer Internship - Job ID: 2205822 | Amazon.jobs,Amazon DE,Stage 4 à 6 mois,Berlin (Germany),https://www.jobteaser.com/fr/job-offers/10386563-amazon-de-2023-software-development-engineer-internship-job-id-2205822-amazon-jobs
Werkstudent:in / Praktikum Softwareentwicklung Industrie 4.0 (m/w/d),BASF,Stage 4 à 6 mois,Ludwigshafen (Germany),https://www.jobteaser.com/fr/job-offers/10386549-basf-werkstudent-in-praktikum-softwareentwicklung-industrie-4-0-m-w-d
Praktikum / Abschlussarbeit Data Science & Modellierung Industrie 4.0 (m/w/d),BASF,Stage 4 à 6 mois,Ludwigshafen (Germany),https://www.jobteaser.com/fr/job-offers/10386548-basf-praktikum-abschlussarbeit-data-science-modellierung-industrie-4-0-m-w-d
Internship/Master's thesis Software Developer Automated Machine Learning (m/f/d),BASF,Stage 4 à 6 mois,Ludwigshafen (Germany),https://www.jobteaser.com/fr/job-offers/10379252-basf-internship-master-s-thesis-software-developer-automated-machine-learning-m-f-d
Studienabschlussarbeit im Bereich der Logistik Innovationen und Robotics Engineering (w/m/x),BMW Group,Stage 4 à 6 mois,Munich (Germany),https://www.jobteaser.com/fr/job-offers/10373147-bmw-group-studienabschlussarbeit-im-bereich-der-logistik-innovationen-und-robotics-engineering-w-m-x
Praktikum Data Science in der Digitalisierung (m/w/d),BASF,Stage 4 à 6 mois,Schwarzheide (Germany),https://www.jobteaser.com/fr/job-offers/10372642-basf-praktikum-data-science-in-der-digitalisierung-m-w-d
Internship or Working Student in 3D Computer Graphics (f/m/x),ZEISS Gruppe,Stage 4 à 6 mois,Oberkochen (Germany),https://www.jobteaser.com/fr/job-offers/10366068-zeiss-gruppe-internship-or-working-student-in-3d-computer-graphics-f-m-x
NewPraktikum Unterstützung im Bereich Elektronikentwicklung - Schwerpunkt Software,Stihl.,Stage 4 à 6 mois,Waiblingen (Germany),https://www.jobteaser.com/fr/job-offers/10529988-stihl-praktikum-unterstutzung-im-bereich-elektronikentwicklung-schwerpunkt-software
"NewPraktikum im Bereich Anwenderunterstützung, Administration und Softwareentwicklung ab August 2023",Mercedes Benz Group,Stage 4 à 6 mois,Sindelfingen (Germany),https://www.jobteaser.com/fr/job-offers/10529475-mercedes-benz-group-praktikum-im-bereich-anwenderunterstutzung-administration-und-softwareentwicklung-ab-august-2023
NewPflicht-Praktikum im Bereich Antriebsentwicklung Testing und Digitalisierung ab September 2023,Mercedes Benz Group,Stage 4 à 6 mois,Stuttgart (Germany),https://www.jobteaser.com/fr/job-offers/10529471-mercedes-benz-group-pflicht-praktikum-im-bereich-antriebsentwicklung-testing-und-digitalisierung-ab-september-2023
NewPraktikum im VAN Big Data Center ab September/Oktober 2023,Mercedes Benz Group,Stage 4 à 6 mois,Stuttgart (Germany),https://www.jobteaser.com/fr/job-offers/10521333-mercedes-benz-group-praktikum-im-van-big-data-center-ab-september-oktober-2023
NewPraktikum im Bereich ADAS (Fahrerassistenzsysteme) iOS App Entwicklung ab September 2023,Mercedes Benz Group,Stage 4 à 6 mois,Immendingen (Germany),https://www.jobteaser.com/fr/job-offers/10514630-mercedes-benz-group-praktikum-im-bereich-adas-fahrerassistenzsysteme-ios-app-entwicklung-ab-september-2023
"NewSchülerpraktikum 2023: Elektroniker:in für Automatisierungstechnik, Standort Mannheim",Roche Deutschland Holding GmbH,Stage 4 à 6 mois,Mannheim (Germany),https://www.jobteaser.com/fr/job-offers/10512388-roche-deutschland-holding-gmbh-schulerpraktikum-2023-elektroniker-in-fur-automatisierungstechnik-standort-mannheim
Praktikum im Bereich ADAS (Advanced Driver Assistance System) Fahrzeugmanagement & Systemintegration ab September 2023,Mercedes Benz Group,Stage 4 à 6 mois,Immendingen (Germany),https://www.jobteaser.com/fr/job-offers/10477815-mercedes-benz-group-praktikum-im-bereich-adas-advanced-driver-assistance-system-fahrzeugmanagement-systemintegration-ab-september-2023
Praktikum im Bereich E/E Automatisiertes Fahren & Infotainment ab April 2023,Mercedes Benz Group,Stage 4 à 6 mois,Sindelfingen (Germany),https://www.jobteaser.com/fr/job-offers/10475874-mercedes-benz-group-praktikum-im-bereich-e-e-automatisiertes-fahren-infotainment-ab-april-2023
Praktikum 3D-Grafik und künstliche Intelligenz,Stihl.,Stage 4 à 6 mois,Waiblingen (Germany),https://www.jobteaser.com/fr/job-offers/10474892-stihl-praktikum-3d-grafik-und-kunstliche-intelligenz
"Schülerpraktikum 2023: Bachelor of Engineering, Wirtschaftsingenieurwesen, Standort Mannheim",Roche Deutschland Holding GmbH,Stage 4 à 6 mois,Mannheim (Germany),https://www.jobteaser.com/fr/job-offers/10473159-roche-deutschland-holding-gmbh-schulerpraktikum-2023-bachelor-of-engineering-wirtschaftsingenieurwesen-standort-mannheim
Praktikum im Bereich Game Engines und Künstliche Intelligenz,Stihl.,Stage 4 à 6 mois,Waiblingen (Germany),https://www.jobteaser.com/fr/job-offers/10468530-stihl-praktikum-im-bereich-game-engines-und-kunstliche-intelligenz
Internship in Deep Learning & Generative Models for Computer vision (m/f/d),Bayer AG.,Stage 4 à 6 mois,Berlin (Germany),https://www.jobteaser.com/fr/job-offers/10465887-bayer-ag-internship-in-deep-learning-generative-models-for-computer-vision-m-f-d
Praktikum im Bereich Connected Car ab August / September 2023,Mercedes Benz Group,Stage 4 à 6 mois,Sindelfingen (Germany),https://www.jobteaser.com/fr/job-offers/10456423-mercedes-benz-group-praktikum-im-bereich-connected-car-ab-august-september-2023
Pflichtpraktikant*in (w/m/d) Unit-Test-Infrastruktur im Bereich der hardwarenahen Softwareentwicklung,Siemens AG,Stage 4 à 6 mois,Amberg (Germany),https://www.jobteaser.com/fr/job-offers/10435361-siemens-ag-pflichtpraktikant-in-w-m-d-unit-test-infrastruktur-im-bereich-der-hardwarenahen-softwareentwicklung
Pflichtpraktikant*in (w/m/d) Softwareentwicklung und Softwaremodule für Edge und Cloud,Siemens AG,Stage 4 à 6 mois,Karlsruhe (Germany),https://www.jobteaser.com/fr/job-offers/10435357-siemens-ag-pflichtpraktikant-in-w-m-d-softwareentwicklung-und-softwaremodule-fur-edge-und-cloud
"Schülerpraktikum 2023: Bachelor of Science, Angewandte Informatik, Standort Mannheim",Roche Deutschland Holding GmbH,Stage 4 à 6 mois,Mannheim (Germany),https://www.jobteaser.com/fr/job-offers/10425548-roche-deutschland-holding-gmbh-schulerpraktikum-2023-bachelor-of-science-angewandte-informatik-standort-mannheim
"Intern / Working Student (f/m/d) for IoT, Data Science or Web Development",HOCHTIEF AG,Stage 4 à 6 mois,Essen (Germany),https://www.jobteaser.com/fr/job-offers/10425105-hochtief-ag-intern-working-student-f-m-d-for-iot-data-science-or-web-development
Praktikum im Bereich Qualitätsmanagement für Mercedes me Connect ab September 2023,Mercedes Benz Group,Stage 4 à 6 mois,Sindelfingen (Germany),https://www.jobteaser.com/fr/job-offers/10414563-mercedes-benz-group-praktikum-im-bereich-qualitatsmanagement-fur-mercedes-me-connect-ab-september-2023
Praktikum im Bereich Lieferantensteuerung Fahrerassistenzsysteme ab September 2023,Mercedes Benz Group,Stage 4 à 6 mois,Immendingen (Germany),https://www.jobteaser.com/fr/job-offers/10382670-mercedes-benz-group-praktikum-im-bereich-lieferantensteuerung-fahrerassistenzsysteme-ab-september-2023
Praktikum im Bereich ADAS (Fahrerassistenzsysteme) Softwareentwicklung ab September 2023,Mercedes Benz Group,Stage 4 à 6 mois,Immendingen (Germany),https://www.jobteaser.com/fr/job-offers/10382668-mercedes-benz-group-praktikum-im-bereich-adas-fahrerassistenzsysteme-softwareentwicklung-ab-september-2023
Masterand (w/m/d) AI basierte Lokalisierung von Bilddaten im Bahnbereich,Siemens AG,Stage 4 à 6 mois,Berlin (Germany),https://www.jobteaser.com/fr/job-offers/10368570-siemens-ag-masterand-w-m-d-ai-basierte-lokalisierung-von-bilddaten-im-bahnbereich
